--
-- PostgreSQL database dump
--

-- Dumped from database version 12.2 (Ubuntu 12.2-4)
-- Dumped by pg_dump version 12.2 (Ubuntu 12.2-4)

SET statement_timeout = 0;
SET lock_timeout = 0;
SET idle_in_transaction_session_timeout = 0;
SET client_encoding = 'UTF8';
SET standard_conforming_strings = on;
SELECT pg_catalog.set_config('search_path', '', false);
SET check_function_bodies = false;
SET xmloption = content;
SET client_min_messages = warning;
SET row_security = off;

SET default_tablespace = '';

SET default_table_access_method = heap;

--
-- Name: core_store; Type: TABLE; Schema: public; Owner: admin
--

CREATE TABLE public.core_store (
    id integer NOT NULL,
    key character varying(255),
    value text,
    type character varying(255),
    environment character varying(255),
    tag character varying(255)
);


ALTER TABLE public.core_store OWNER TO admin;

--
-- Name: core_store_id_seq; Type: SEQUENCE; Schema: public; Owner: admin
--

CREATE SEQUENCE public.core_store_id_seq
    AS integer
    START WITH 1
    INCREMENT BY 1
    NO MINVALUE
    NO MAXVALUE
    CACHE 1;


ALTER TABLE public.core_store_id_seq OWNER TO admin;

--
-- Name: core_store_id_seq; Type: SEQUENCE OWNED BY; Schema: public; Owner: admin
--

ALTER SEQUENCE public.core_store_id_seq OWNED BY public.core_store.id;


--
-- Name: cursos; Type: TABLE; Schema: public; Owner: admin
--

CREATE TABLE public.cursos (
    id integer NOT NULL,
    "Nome" character varying(255) NOT NULL,
    instituto integer,
    created_by integer,
    updated_by integer,
    created_at timestamp with time zone DEFAULT CURRENT_TIMESTAMP,
    updated_at timestamp with time zone DEFAULT CURRENT_TIMESTAMP
);


ALTER TABLE public.cursos OWNER TO admin;

--
-- Name: cursos_id_seq; Type: SEQUENCE; Schema: public; Owner: admin
--

CREATE SEQUENCE public.cursos_id_seq
    AS integer
    START WITH 1
    INCREMENT BY 1
    NO MINVALUE
    NO MAXVALUE
    CACHE 1;


ALTER TABLE public.cursos_id_seq OWNER TO admin;

--
-- Name: cursos_id_seq; Type: SEQUENCE OWNED BY; Schema: public; Owner: admin
--

ALTER SEQUENCE public.cursos_id_seq OWNED BY public.cursos.id;


--
-- Name: depoimentos; Type: TABLE; Schema: public; Owner: admin
--

CREATE TABLE public.depoimentos (
    id integer NOT NULL,
    "Titulo" character varying(255) NOT NULL,
    curso integer,
    "Texto" text,
    created_by integer,
    updated_by integer,
    created_at timestamp with time zone DEFAULT CURRENT_TIMESTAMP,
    updated_at timestamp with time zone DEFAULT CURRENT_TIMESTAMP
);


ALTER TABLE public.depoimentos OWNER TO admin;

--
-- Name: depoimentos_id_seq; Type: SEQUENCE; Schema: public; Owner: admin
--

CREATE SEQUENCE public.depoimentos_id_seq
    AS integer
    START WITH 1
    INCREMENT BY 1
    NO MINVALUE
    NO MAXVALUE
    CACHE 1;


ALTER TABLE public.depoimentos_id_seq OWNER TO admin;

--
-- Name: depoimentos_id_seq; Type: SEQUENCE OWNED BY; Schema: public; Owner: admin
--

ALTER SEQUENCE public.depoimentos_id_seq OWNED BY public.depoimentos.id;


--
-- Name: institutos; Type: TABLE; Schema: public; Owner: admin
--

CREATE TABLE public.institutos (
    id integer NOT NULL,
    "Nome" character varying(255) NOT NULL,
    created_by integer,
    updated_by integer,
    created_at timestamp with time zone DEFAULT CURRENT_TIMESTAMP,
    updated_at timestamp with time zone DEFAULT CURRENT_TIMESTAMP
);


ALTER TABLE public.institutos OWNER TO admin;

--
-- Name: institutos_id_seq; Type: SEQUENCE; Schema: public; Owner: admin
--

CREATE SEQUENCE public.institutos_id_seq
    AS integer
    START WITH 1
    INCREMENT BY 1
    NO MINVALUE
    NO MAXVALUE
    CACHE 1;


ALTER TABLE public.institutos_id_seq OWNER TO admin;

--
-- Name: institutos_id_seq; Type: SEQUENCE OWNED BY; Schema: public; Owner: admin
--

ALTER SEQUENCE public.institutos_id_seq OWNED BY public.institutos.id;


--
-- Name: modalidade_ingressos; Type: TABLE; Schema: public; Owner: admin
--

CREATE TABLE public.modalidade_ingressos (
    id integer NOT NULL,
    "Nome" character varying(255) NOT NULL,
    "Descricao" text,
    created_by integer,
    updated_by integer,
    created_at timestamp with time zone DEFAULT CURRENT_TIMESTAMP,
    updated_at timestamp with time zone DEFAULT CURRENT_TIMESTAMP
);


ALTER TABLE public.modalidade_ingressos OWNER TO admin;

--
-- Name: modalidade_ingressos_id_seq; Type: SEQUENCE; Schema: public; Owner: admin
--

CREATE SEQUENCE public.modalidade_ingressos_id_seq
    AS integer
    START WITH 1
    INCREMENT BY 1
    NO MINVALUE
    NO MAXVALUE
    CACHE 1;


ALTER TABLE public.modalidade_ingressos_id_seq OWNER TO admin;

--
-- Name: modalidade_ingressos_id_seq; Type: SEQUENCE OWNED BY; Schema: public; Owner: admin
--

ALTER SEQUENCE public.modalidade_ingressos_id_seq OWNED BY public.modalidade_ingressos.id;


--
-- Name: notas; Type: TABLE; Schema: public; Owner: admin
--

CREATE TABLE public.notas (
    id integer NOT NULL,
    curso_1 integer,
    curso_2 integer,
    curso_3 integer,
    curso_4 integer,
    classificacao_1 integer,
    classificacao_2 integer,
    classificacao_3 integer,
    classificacao_4 integer,
    nota_1_fase numeric(10,2),
    nota_2_fase_1_dia numeric(10,2),
    nota_2_fase_2_dia numeric(10,2),
    nota_redacao numeric(10,2),
    modalidade_ingresso integer,
    created_by integer,
    updated_by integer,
    created_at timestamp with time zone DEFAULT CURRENT_TIMESTAMP,
    updated_at timestamp with time zone DEFAULT CURRENT_TIMESTAMP
);


ALTER TABLE public.notas OWNER TO admin;

--
-- Name: notas_id_seq; Type: SEQUENCE; Schema: public; Owner: admin
--

CREATE SEQUENCE public.notas_id_seq
    AS integer
    START WITH 1
    INCREMENT BY 1
    NO MINVALUE
    NO MAXVALUE
    CACHE 1;


ALTER TABLE public.notas_id_seq OWNER TO admin;

--
-- Name: notas_id_seq; Type: SEQUENCE OWNED BY; Schema: public; Owner: admin
--

ALTER SEQUENCE public.notas_id_seq OWNED BY public.notas.id;


--
-- Name: redacoes; Type: TABLE; Schema: public; Owner: admin
--

CREATE TABLE public.redacoes (
    id integer NOT NULL,
    "Titulo" character varying(255),
    created_by integer,
    updated_by integer,
    created_at timestamp with time zone DEFAULT CURRENT_TIMESTAMP,
    updated_at timestamp with time zone DEFAULT CURRENT_TIMESTAMP
);


ALTER TABLE public.redacoes OWNER TO admin;

--
-- Name: redacoes_id_seq; Type: SEQUENCE; Schema: public; Owner: admin
--

CREATE SEQUENCE public.redacoes_id_seq
    AS integer
    START WITH 1
    INCREMENT BY 1
    NO MINVALUE
    NO MAXVALUE
    CACHE 1;


ALTER TABLE public.redacoes_id_seq OWNER TO admin;

--
-- Name: redacoes_id_seq; Type: SEQUENCE OWNED BY; Schema: public; Owner: admin
--

ALTER SEQUENCE public.redacoes_id_seq OWNED BY public.redacoes.id;


--
-- Name: strapi_administrator; Type: TABLE; Schema: public; Owner: admin
--

CREATE TABLE public.strapi_administrator (
    id integer NOT NULL,
    firstname character varying(255),
    lastname character varying(255),
    username character varying(255),
    email character varying(255) NOT NULL,
    password character varying(255),
    "resetPasswordToken" character varying(255),
    "registrationToken" character varying(255),
    "isActive" boolean,
    blocked boolean
);


ALTER TABLE public.strapi_administrator OWNER TO admin;

--
-- Name: strapi_administrator_id_seq; Type: SEQUENCE; Schema: public; Owner: admin
--

CREATE SEQUENCE public.strapi_administrator_id_seq
    AS integer
    START WITH 1
    INCREMENT BY 1
    NO MINVALUE
    NO MAXVALUE
    CACHE 1;


ALTER TABLE public.strapi_administrator_id_seq OWNER TO admin;

--
-- Name: strapi_administrator_id_seq; Type: SEQUENCE OWNED BY; Schema: public; Owner: admin
--

ALTER SEQUENCE public.strapi_administrator_id_seq OWNED BY public.strapi_administrator.id;


--
-- Name: strapi_permission; Type: TABLE; Schema: public; Owner: admin
--

CREATE TABLE public.strapi_permission (
    id integer NOT NULL,
    action character varying(255) NOT NULL,
    subject character varying(255),
    fields jsonb,
    conditions jsonb,
    role integer,
    created_at timestamp with time zone DEFAULT CURRENT_TIMESTAMP,
    updated_at timestamp with time zone DEFAULT CURRENT_TIMESTAMP
);


ALTER TABLE public.strapi_permission OWNER TO admin;

--
-- Name: strapi_permission_id_seq; Type: SEQUENCE; Schema: public; Owner: admin
--

CREATE SEQUENCE public.strapi_permission_id_seq
    AS integer
    START WITH 1
    INCREMENT BY 1
    NO MINVALUE
    NO MAXVALUE
    CACHE 1;


ALTER TABLE public.strapi_permission_id_seq OWNER TO admin;

--
-- Name: strapi_permission_id_seq; Type: SEQUENCE OWNED BY; Schema: public; Owner: admin
--

ALTER SEQUENCE public.strapi_permission_id_seq OWNED BY public.strapi_permission.id;


--
-- Name: strapi_role; Type: TABLE; Schema: public; Owner: admin
--

CREATE TABLE public.strapi_role (
    id integer NOT NULL,
    name character varying(255) NOT NULL,
    code character varying(255) NOT NULL,
    description character varying(255),
    created_at timestamp with time zone DEFAULT CURRENT_TIMESTAMP,
    updated_at timestamp with time zone DEFAULT CURRENT_TIMESTAMP
);


ALTER TABLE public.strapi_role OWNER TO admin;

--
-- Name: strapi_role_id_seq; Type: SEQUENCE; Schema: public; Owner: admin
--

CREATE SEQUENCE public.strapi_role_id_seq
    AS integer
    START WITH 1
    INCREMENT BY 1
    NO MINVALUE
    NO MAXVALUE
    CACHE 1;


ALTER TABLE public.strapi_role_id_seq OWNER TO admin;

--
-- Name: strapi_role_id_seq; Type: SEQUENCE OWNED BY; Schema: public; Owner: admin
--

ALTER SEQUENCE public.strapi_role_id_seq OWNED BY public.strapi_role.id;


--
-- Name: strapi_users_roles; Type: TABLE; Schema: public; Owner: admin
--

CREATE TABLE public.strapi_users_roles (
    id integer NOT NULL,
    user_id integer,
    role_id integer
);


ALTER TABLE public.strapi_users_roles OWNER TO admin;

--
-- Name: strapi_users_roles_id_seq; Type: SEQUENCE; Schema: public; Owner: admin
--

CREATE SEQUENCE public.strapi_users_roles_id_seq
    AS integer
    START WITH 1
    INCREMENT BY 1
    NO MINVALUE
    NO MAXVALUE
    CACHE 1;


ALTER TABLE public.strapi_users_roles_id_seq OWNER TO admin;

--
-- Name: strapi_users_roles_id_seq; Type: SEQUENCE OWNED BY; Schema: public; Owner: admin
--

ALTER SEQUENCE public.strapi_users_roles_id_seq OWNED BY public.strapi_users_roles.id;


--
-- Name: strapi_webhooks; Type: TABLE; Schema: public; Owner: admin
--

CREATE TABLE public.strapi_webhooks (
    id integer NOT NULL,
    name character varying(255),
    url text,
    headers jsonb,
    events jsonb,
    enabled boolean
);


ALTER TABLE public.strapi_webhooks OWNER TO admin;

--
-- Name: strapi_webhooks_id_seq; Type: SEQUENCE; Schema: public; Owner: admin
--

CREATE SEQUENCE public.strapi_webhooks_id_seq
    AS integer
    START WITH 1
    INCREMENT BY 1
    NO MINVALUE
    NO MAXVALUE
    CACHE 1;


ALTER TABLE public.strapi_webhooks_id_seq OWNER TO admin;

--
-- Name: strapi_webhooks_id_seq; Type: SEQUENCE OWNED BY; Schema: public; Owner: admin
--

ALTER SEQUENCE public.strapi_webhooks_id_seq OWNED BY public.strapi_webhooks.id;


--
-- Name: upload_file; Type: TABLE; Schema: public; Owner: admin
--

CREATE TABLE public.upload_file (
    id integer NOT NULL,
    name character varying(255) NOT NULL,
    "alternativeText" character varying(255),
    caption character varying(255),
    width integer,
    height integer,
    formats jsonb,
    hash character varying(255) NOT NULL,
    ext character varying(255),
    mime character varying(255) NOT NULL,
    size numeric(10,2) NOT NULL,
    url character varying(255) NOT NULL,
    "previewUrl" character varying(255),
    provider character varying(255) NOT NULL,
    provider_metadata jsonb,
    created_by integer,
    updated_by integer,
    created_at timestamp with time zone DEFAULT CURRENT_TIMESTAMP,
    updated_at timestamp with time zone DEFAULT CURRENT_TIMESTAMP
);


ALTER TABLE public.upload_file OWNER TO admin;

--
-- Name: upload_file_id_seq; Type: SEQUENCE; Schema: public; Owner: admin
--

CREATE SEQUENCE public.upload_file_id_seq
    AS integer
    START WITH 1
    INCREMENT BY 1
    NO MINVALUE
    NO MAXVALUE
    CACHE 1;


ALTER TABLE public.upload_file_id_seq OWNER TO admin;

--
-- Name: upload_file_id_seq; Type: SEQUENCE OWNED BY; Schema: public; Owner: admin
--

ALTER SEQUENCE public.upload_file_id_seq OWNED BY public.upload_file.id;


--
-- Name: upload_file_morph; Type: TABLE; Schema: public; Owner: admin
--

CREATE TABLE public.upload_file_morph (
    id integer NOT NULL,
    upload_file_id integer,
    related_id integer,
    related_type text,
    field text,
    "order" integer
);


ALTER TABLE public.upload_file_morph OWNER TO admin;

--
-- Name: upload_file_morph_id_seq; Type: SEQUENCE; Schema: public; Owner: admin
--

CREATE SEQUENCE public.upload_file_morph_id_seq
    AS integer
    START WITH 1
    INCREMENT BY 1
    NO MINVALUE
    NO MAXVALUE
    CACHE 1;


ALTER TABLE public.upload_file_morph_id_seq OWNER TO admin;

--
-- Name: upload_file_morph_id_seq; Type: SEQUENCE OWNED BY; Schema: public; Owner: admin
--

ALTER SEQUENCE public.upload_file_morph_id_seq OWNED BY public.upload_file_morph.id;


--
-- Name: users-permissions_permission; Type: TABLE; Schema: public; Owner: admin
--

CREATE TABLE public."users-permissions_permission" (
    id integer NOT NULL,
    type character varying(255) NOT NULL,
    controller character varying(255) NOT NULL,
    action character varying(255) NOT NULL,
    enabled boolean NOT NULL,
    policy character varying(255),
    role integer,
    created_by integer,
    updated_by integer
);


ALTER TABLE public."users-permissions_permission" OWNER TO admin;

--
-- Name: users-permissions_permission_id_seq; Type: SEQUENCE; Schema: public; Owner: admin
--

CREATE SEQUENCE public."users-permissions_permission_id_seq"
    AS integer
    START WITH 1
    INCREMENT BY 1
    NO MINVALUE
    NO MAXVALUE
    CACHE 1;


ALTER TABLE public."users-permissions_permission_id_seq" OWNER TO admin;

--
-- Name: users-permissions_permission_id_seq; Type: SEQUENCE OWNED BY; Schema: public; Owner: admin
--

ALTER SEQUENCE public."users-permissions_permission_id_seq" OWNED BY public."users-permissions_permission".id;


--
-- Name: users-permissions_role; Type: TABLE; Schema: public; Owner: admin
--

CREATE TABLE public."users-permissions_role" (
    id integer NOT NULL,
    name character varying(255) NOT NULL,
    description character varying(255),
    type character varying(255),
    created_by integer,
    updated_by integer
);


ALTER TABLE public."users-permissions_role" OWNER TO admin;

--
-- Name: users-permissions_role_id_seq; Type: SEQUENCE; Schema: public; Owner: admin
--

CREATE SEQUENCE public."users-permissions_role_id_seq"
    AS integer
    START WITH 1
    INCREMENT BY 1
    NO MINVALUE
    NO MAXVALUE
    CACHE 1;


ALTER TABLE public."users-permissions_role_id_seq" OWNER TO admin;

--
-- Name: users-permissions_role_id_seq; Type: SEQUENCE OWNED BY; Schema: public; Owner: admin
--

ALTER SEQUENCE public."users-permissions_role_id_seq" OWNED BY public."users-permissions_role".id;


--
-- Name: users-permissions_user; Type: TABLE; Schema: public; Owner: admin
--

CREATE TABLE public."users-permissions_user" (
    id integer NOT NULL,
    username character varying(255) NOT NULL,
    email character varying(255) NOT NULL,
    provider character varying(255),
    password character varying(255),
    "resetPasswordToken" character varying(255),
    confirmed boolean,
    blocked boolean,
    role integer,
    created_by integer,
    updated_by integer,
    created_at timestamp with time zone DEFAULT CURRENT_TIMESTAMP,
    updated_at timestamp with time zone DEFAULT CURRENT_TIMESTAMP
);


ALTER TABLE public."users-permissions_user" OWNER TO admin;

--
-- Name: users-permissions_user_id_seq; Type: SEQUENCE; Schema: public; Owner: admin
--

CREATE SEQUENCE public."users-permissions_user_id_seq"
    AS integer
    START WITH 1
    INCREMENT BY 1
    NO MINVALUE
    NO MAXVALUE
    CACHE 1;


ALTER TABLE public."users-permissions_user_id_seq" OWNER TO admin;

--
-- Name: users-permissions_user_id_seq; Type: SEQUENCE OWNED BY; Schema: public; Owner: admin
--

ALTER SEQUENCE public."users-permissions_user_id_seq" OWNED BY public."users-permissions_user".id;


--
-- Name: core_store id; Type: DEFAULT; Schema: public; Owner: admin
--

ALTER TABLE ONLY public.core_store ALTER COLUMN id SET DEFAULT nextval('public.core_store_id_seq'::regclass);


--
-- Name: cursos id; Type: DEFAULT; Schema: public; Owner: admin
--

ALTER TABLE ONLY public.cursos ALTER COLUMN id SET DEFAULT nextval('public.cursos_id_seq'::regclass);


--
-- Name: depoimentos id; Type: DEFAULT; Schema: public; Owner: admin
--

ALTER TABLE ONLY public.depoimentos ALTER COLUMN id SET DEFAULT nextval('public.depoimentos_id_seq'::regclass);


--
-- Name: institutos id; Type: DEFAULT; Schema: public; Owner: admin
--

ALTER TABLE ONLY public.institutos ALTER COLUMN id SET DEFAULT nextval('public.institutos_id_seq'::regclass);


--
-- Name: modalidade_ingressos id; Type: DEFAULT; Schema: public; Owner: admin
--

ALTER TABLE ONLY public.modalidade_ingressos ALTER COLUMN id SET DEFAULT nextval('public.modalidade_ingressos_id_seq'::regclass);


--
-- Name: notas id; Type: DEFAULT; Schema: public; Owner: admin
--

ALTER TABLE ONLY public.notas ALTER COLUMN id SET DEFAULT nextval('public.notas_id_seq'::regclass);


--
-- Name: redacoes id; Type: DEFAULT; Schema: public; Owner: admin
--

ALTER TABLE ONLY public.redacoes ALTER COLUMN id SET DEFAULT nextval('public.redacoes_id_seq'::regclass);


--
-- Name: strapi_administrator id; Type: DEFAULT; Schema: public; Owner: admin
--

ALTER TABLE ONLY public.strapi_administrator ALTER COLUMN id SET DEFAULT nextval('public.strapi_administrator_id_seq'::regclass);


--
-- Name: strapi_permission id; Type: DEFAULT; Schema: public; Owner: admin
--

ALTER TABLE ONLY public.strapi_permission ALTER COLUMN id SET DEFAULT nextval('public.strapi_permission_id_seq'::regclass);


--
-- Name: strapi_role id; Type: DEFAULT; Schema: public; Owner: admin
--

ALTER TABLE ONLY public.strapi_role ALTER COLUMN id SET DEFAULT nextval('public.strapi_role_id_seq'::regclass);


--
-- Name: strapi_users_roles id; Type: DEFAULT; Schema: public; Owner: admin
--

ALTER TABLE ONLY public.strapi_users_roles ALTER COLUMN id SET DEFAULT nextval('public.strapi_users_roles_id_seq'::regclass);


--
-- Name: strapi_webhooks id; Type: DEFAULT; Schema: public; Owner: admin
--

ALTER TABLE ONLY public.strapi_webhooks ALTER COLUMN id SET DEFAULT nextval('public.strapi_webhooks_id_seq'::regclass);


--
-- Name: upload_file id; Type: DEFAULT; Schema: public; Owner: admin
--

ALTER TABLE ONLY public.upload_file ALTER COLUMN id SET DEFAULT nextval('public.upload_file_id_seq'::regclass);


--
-- Name: upload_file_morph id; Type: DEFAULT; Schema: public; Owner: admin
--

ALTER TABLE ONLY public.upload_file_morph ALTER COLUMN id SET DEFAULT nextval('public.upload_file_morph_id_seq'::regclass);


--
-- Name: users-permissions_permission id; Type: DEFAULT; Schema: public; Owner: admin
--

ALTER TABLE ONLY public."users-permissions_permission" ALTER COLUMN id SET DEFAULT nextval('public."users-permissions_permission_id_seq"'::regclass);


--
-- Name: users-permissions_role id; Type: DEFAULT; Schema: public; Owner: admin
--

ALTER TABLE ONLY public."users-permissions_role" ALTER COLUMN id SET DEFAULT nextval('public."users-permissions_role_id_seq"'::regclass);


--
-- Name: users-permissions_user id; Type: DEFAULT; Schema: public; Owner: admin
--

ALTER TABLE ONLY public."users-permissions_user" ALTER COLUMN id SET DEFAULT nextval('public."users-permissions_user_id_seq"'::regclass);


--
-- Data for Name: core_store; Type: TABLE DATA; Schema: public; Owner: admin
--

COPY public.core_store (id, key, value, type, environment, tag) FROM stdin;
1	db_model_core_store	{"key":{"type":"string"},"value":{"type":"text"},"type":{"type":"string"},"environment":{"type":"string"},"tag":{"type":"string"}}	object	\N	\N
2	db_model_strapi_permission	{"action":{"type":"string","minLength":1,"configurable":false,"required":true},"subject":{"type":"string","minLength":1,"configurable":false,"required":false},"fields":{"type":"json","configurable":false,"required":false,"default":[]},"conditions":{"type":"json","configurable":false,"required":false,"default":[]},"role":{"configurable":false,"model":"role","plugin":"admin"},"created_at":{"type":"currentTimestamp"},"updated_at":{"type":"currentTimestamp"}}	object	\N	\N
3	db_model_strapi_webhooks	{"name":{"type":"string"},"url":{"type":"text"},"headers":{"type":"json"},"events":{"type":"json"},"enabled":{"type":"boolean"}}	object	\N	\N
4	db_model_upload_file	{"name":{"type":"string","configurable":false,"required":true},"alternativeText":{"type":"string","configurable":false},"caption":{"type":"string","configurable":false},"width":{"type":"integer","configurable":false},"height":{"type":"integer","configurable":false},"formats":{"type":"json","configurable":false},"hash":{"type":"string","configurable":false,"required":true},"ext":{"type":"string","configurable":false},"mime":{"type":"string","configurable":false,"required":true},"size":{"type":"decimal","configurable":false,"required":true},"url":{"type":"string","configurable":false,"required":true},"previewUrl":{"type":"string","configurable":false},"provider":{"type":"string","configurable":false,"required":true},"provider_metadata":{"type":"json","configurable":false},"related":{"collection":"*","filter":"field","configurable":false},"created_by":{"model":"user","plugin":"admin"},"updated_by":{"model":"user","plugin":"admin"},"created_at":{"type":"currentTimestamp"},"updated_at":{"type":"currentTimestamp"}}	object	\N	\N
5	db_model_users-permissions_permission	{"type":{"type":"string","required":true,"configurable":false},"controller":{"type":"string","required":true,"configurable":false},"action":{"type":"string","required":true,"configurable":false},"enabled":{"type":"boolean","required":true,"configurable":false},"policy":{"type":"string","configurable":false},"role":{"model":"role","via":"permissions","plugin":"users-permissions","configurable":false},"created_by":{"model":"user","plugin":"admin"},"updated_by":{"model":"user","plugin":"admin"}}	object	\N	\N
6	db_model_users-permissions_user	{"username":{"type":"string","minLength":3,"unique":true,"configurable":false,"required":true},"email":{"type":"email","minLength":6,"configurable":false,"required":true},"provider":{"type":"string","configurable":false},"password":{"type":"password","minLength":6,"configurable":false,"private":true},"resetPasswordToken":{"type":"string","configurable":false,"private":true},"confirmed":{"type":"boolean","default":false,"configurable":false},"blocked":{"type":"boolean","default":false,"configurable":false},"role":{"model":"role","via":"users","plugin":"users-permissions","configurable":false},"created_by":{"model":"user","plugin":"admin"},"updated_by":{"model":"user","plugin":"admin"},"created_at":{"type":"currentTimestamp"},"updated_at":{"type":"currentTimestamp"}}	object	\N	\N
7	db_model_users-permissions_role	{"name":{"type":"string","minLength":3,"required":true,"configurable":false},"description":{"type":"string","configurable":false},"type":{"type":"string","unique":true,"configurable":false},"permissions":{"collection":"permission","via":"role","plugin":"users-permissions","configurable":false,"isVirtual":true},"users":{"collection":"user","via":"role","configurable":false,"plugin":"users-permissions","isVirtual":true},"created_by":{"model":"user","plugin":"admin"},"updated_by":{"model":"user","plugin":"admin"}}	object	\N	\N
8	db_model_strapi_administrator	{"firstname":{"type":"string","unique":false,"minLength":1,"configurable":false,"required":false},"lastname":{"type":"string","unique":false,"minLength":1,"configurable":false,"required":false},"username":{"type":"string","unique":false,"configurable":false,"required":false},"email":{"type":"email","minLength":6,"configurable":false,"required":true,"unique":true,"private":true},"password":{"type":"password","minLength":6,"configurable":false,"required":false,"private":true},"resetPasswordToken":{"type":"string","configurable":false,"private":true},"registrationToken":{"type":"string","configurable":false,"private":true},"isActive":{"type":"boolean","default":false,"configurable":false,"private":true},"roles":{"collection":"role","collectionName":"strapi_users_roles","via":"users","dominant":true,"plugin":"admin","configurable":false,"private":true,"attribute":"role","column":"id","isVirtual":true},"blocked":{"type":"boolean","default":false,"configurable":false,"private":true}}	object	\N	\N
9	db_model_strapi_role	{"name":{"type":"string","minLength":1,"unique":true,"configurable":false,"required":true},"code":{"type":"string","minLength":1,"unique":true,"configurable":false,"required":true},"description":{"type":"string","configurable":false},"users":{"configurable":false,"collection":"user","via":"roles","plugin":"admin","attribute":"user","column":"id","isVirtual":true},"permissions":{"configurable":false,"plugin":"admin","collection":"permission","via":"role","isVirtual":true},"created_at":{"type":"currentTimestamp"},"updated_at":{"type":"currentTimestamp"}}	object	\N	\N
10	db_model_strapi_users_roles	{"user_id":{"type":"integer"},"role_id":{"type":"integer"}}	object	\N	\N
11	db_model_upload_file_morph	{"upload_file_id":{"type":"integer"},"related_id":{"type":"integer"},"related_type":{"type":"text"},"field":{"type":"text"},"order":{"type":"integer"}}	object	\N	\N
12	plugin_upload_settings	{"sizeOptimization":true,"responsiveDimensions":true}	object	development	
13	plugin_users-permissions_grant	{"email":{"enabled":true,"icon":"envelope"},"discord":{"enabled":false,"icon":"discord","key":"","secret":"","callback":"/auth/discord/callback","scope":["identify","email"]},"facebook":{"enabled":false,"icon":"facebook-square","key":"","secret":"","callback":"/auth/facebook/callback","scope":["email"]},"google":{"enabled":false,"icon":"google","key":"","secret":"","callback":"/auth/google/callback","scope":["email"]},"github":{"enabled":false,"icon":"github","key":"","secret":"","callback":"/auth/github/callback","scope":["user","user:email"]},"microsoft":{"enabled":false,"icon":"windows","key":"","secret":"","callback":"/auth/microsoft/callback","scope":["user.read"]},"twitter":{"enabled":false,"icon":"twitter","key":"","secret":"","callback":"/auth/twitter/callback"},"instagram":{"enabled":false,"icon":"instagram","key":"","secret":"","callback":"/auth/instagram/callback"},"vk":{"enabled":false,"icon":"vk","key":"","secret":"","callback":"/auth/vk/callback","scope":["email"]},"twitch":{"enabled":false,"icon":"twitch","key":"","secret":"","callback":"/auth/twitch/callback","scope":["user:read:email"]}}	object		
20	plugin_content_manager_configuration_content_types::plugins::users-permissions.user	{"uid":"plugins::users-permissions.user","settings":{"bulkable":true,"filterable":true,"searchable":true,"pageSize":10,"mainField":"username","defaultSortBy":"username","defaultSortOrder":"ASC"},"metadatas":{"id":{"edit":{},"list":{"label":"Id","searchable":true,"sortable":true}},"username":{"edit":{"label":"Username","description":"","placeholder":"","visible":true,"editable":true},"list":{"label":"Username","searchable":true,"sortable":true}},"email":{"edit":{"label":"Email","description":"","placeholder":"","visible":true,"editable":true},"list":{"label":"Email","searchable":true,"sortable":true}},"provider":{"edit":{"label":"Provider","description":"","placeholder":"","visible":false,"editable":true},"list":{"label":"Provider","searchable":true,"sortable":true}},"password":{"edit":{"label":"Password","description":"","placeholder":"","visible":true,"editable":true},"list":{"label":"Password","searchable":true,"sortable":true}},"resetPasswordToken":{"edit":{"label":"ResetPasswordToken","description":"","placeholder":"","visible":false,"editable":true},"list":{"label":"ResetPasswordToken","searchable":true,"sortable":true}},"confirmed":{"edit":{"label":"Confirmed","description":"","placeholder":"","visible":true,"editable":true},"list":{"label":"Confirmed","searchable":true,"sortable":true}},"blocked":{"edit":{"label":"Blocked","description":"","placeholder":"","visible":true,"editable":true},"list":{"label":"Blocked","searchable":true,"sortable":true}},"role":{"edit":{"label":"Role","description":"","placeholder":"","visible":true,"editable":true,"mainField":"name"},"list":{"label":"Role","searchable":false,"sortable":false}},"created_at":{"edit":{"label":"Created_at","description":"","placeholder":"","visible":false,"editable":true},"list":{"label":"Created_at","searchable":true,"sortable":true}},"updated_at":{"edit":{"label":"Updated_at","description":"","placeholder":"","visible":false,"editable":true},"list":{"label":"Updated_at","searchable":true,"sortable":true}}},"layouts":{"list":["id","username","email","confirmed"],"editRelations":["role"],"edit":[[{"name":"username","size":6},{"name":"email","size":6}],[{"name":"password","size":6},{"name":"confirmed","size":4}],[{"name":"blocked","size":4}]]}}	object		
14	plugin_content_manager_configuration_content_types::strapi::permission	{"uid":"strapi::permission","settings":{"bulkable":true,"filterable":true,"searchable":true,"pageSize":10,"mainField":"action","defaultSortBy":"action","defaultSortOrder":"ASC"},"metadatas":{"id":{"edit":{},"list":{"label":"Id","searchable":true,"sortable":true}},"action":{"edit":{"label":"Action","description":"","placeholder":"","visible":true,"editable":true},"list":{"label":"Action","searchable":true,"sortable":true}},"subject":{"edit":{"label":"Subject","description":"","placeholder":"","visible":true,"editable":true},"list":{"label":"Subject","searchable":true,"sortable":true}},"fields":{"edit":{"label":"Fields","description":"","placeholder":"","visible":true,"editable":true},"list":{"label":"Fields","searchable":false,"sortable":false}},"conditions":{"edit":{"label":"Conditions","description":"","placeholder":"","visible":true,"editable":true},"list":{"label":"Conditions","searchable":false,"sortable":false}},"role":{"edit":{"label":"Role","description":"","placeholder":"","visible":true,"editable":true,"mainField":"name"},"list":{"label":"Role","searchable":false,"sortable":false}},"created_at":{"edit":{"label":"Created_at","description":"","placeholder":"","visible":false,"editable":true},"list":{"label":"Created_at","searchable":true,"sortable":true}},"updated_at":{"edit":{"label":"Updated_at","description":"","placeholder":"","visible":false,"editable":true},"list":{"label":"Updated_at","searchable":true,"sortable":true}}},"layouts":{"list":["id","action","subject","created_at"],"editRelations":["role"],"edit":[[{"name":"action","size":6},{"name":"subject","size":6}],[{"name":"fields","size":12}],[{"name":"conditions","size":12}]]}}	object		
15	plugin_content_manager_configuration_content_types::strapi::role	{"uid":"strapi::role","settings":{"bulkable":true,"filterable":true,"searchable":true,"pageSize":10,"mainField":"name","defaultSortBy":"name","defaultSortOrder":"ASC"},"metadatas":{"id":{"edit":{},"list":{"label":"Id","searchable":true,"sortable":true}},"name":{"edit":{"label":"Name","description":"","placeholder":"","visible":true,"editable":true},"list":{"label":"Name","searchable":true,"sortable":true}},"code":{"edit":{"label":"Code","description":"","placeholder":"","visible":true,"editable":true},"list":{"label":"Code","searchable":true,"sortable":true}},"description":{"edit":{"label":"Description","description":"","placeholder":"","visible":true,"editable":true},"list":{"label":"Description","searchable":true,"sortable":true}},"users":{"edit":{"label":"Users","description":"","placeholder":"","visible":true,"editable":true,"mainField":"firstname"},"list":{"label":"Users","searchable":false,"sortable":false}},"permissions":{"edit":{"label":"Permissions","description":"","placeholder":"","visible":true,"editable":true,"mainField":"action"},"list":{"label":"Permissions","searchable":false,"sortable":false}},"created_at":{"edit":{"label":"Created_at","description":"","placeholder":"","visible":false,"editable":true},"list":{"label":"Created_at","searchable":true,"sortable":true}},"updated_at":{"edit":{"label":"Updated_at","description":"","placeholder":"","visible":false,"editable":true},"list":{"label":"Updated_at","searchable":true,"sortable":true}}},"layouts":{"list":["id","name","code","description"],"editRelations":["users","permissions"],"edit":[[{"name":"name","size":6},{"name":"code","size":6}],[{"name":"description","size":6}]]}}	object		
16	plugin_content_manager_configuration_content_types::strapi::user	{"uid":"strapi::user","settings":{"bulkable":true,"filterable":true,"searchable":true,"pageSize":10,"mainField":"firstname","defaultSortBy":"firstname","defaultSortOrder":"ASC"},"metadatas":{"id":{"edit":{},"list":{"label":"Id","searchable":true,"sortable":true}},"firstname":{"edit":{"label":"Firstname","description":"","placeholder":"","visible":true,"editable":true},"list":{"label":"Firstname","searchable":true,"sortable":true}},"lastname":{"edit":{"label":"Lastname","description":"","placeholder":"","visible":true,"editable":true},"list":{"label":"Lastname","searchable":true,"sortable":true}},"username":{"edit":{"label":"Username","description":"","placeholder":"","visible":true,"editable":true},"list":{"label":"Username","searchable":true,"sortable":true}},"email":{"edit":{"label":"Email","description":"","placeholder":"","visible":true,"editable":true},"list":{"label":"Email","searchable":true,"sortable":true}},"password":{"edit":{"label":"Password","description":"","placeholder":"","visible":true,"editable":true},"list":{"label":"Password","searchable":true,"sortable":true}},"resetPasswordToken":{"edit":{"label":"ResetPasswordToken","description":"","placeholder":"","visible":true,"editable":true},"list":{"label":"ResetPasswordToken","searchable":true,"sortable":true}},"registrationToken":{"edit":{"label":"RegistrationToken","description":"","placeholder":"","visible":true,"editable":true},"list":{"label":"RegistrationToken","searchable":true,"sortable":true}},"isActive":{"edit":{"label":"IsActive","description":"","placeholder":"","visible":true,"editable":true},"list":{"label":"IsActive","searchable":true,"sortable":true}},"roles":{"edit":{"label":"Roles","description":"","placeholder":"","visible":true,"editable":true,"mainField":"name"},"list":{"label":"Roles","searchable":false,"sortable":false}},"blocked":{"edit":{"label":"Blocked","description":"","placeholder":"","visible":true,"editable":true},"list":{"label":"Blocked","searchable":true,"sortable":true}}},"layouts":{"list":["id","firstname","lastname","username"],"editRelations":["roles"],"edit":[[{"name":"firstname","size":6},{"name":"lastname","size":6}],[{"name":"username","size":6},{"name":"email","size":6}],[{"name":"password","size":6},{"name":"resetPasswordToken","size":6}],[{"name":"registrationToken","size":6},{"name":"isActive","size":4}],[{"name":"blocked","size":4}]]}}	object		
17	plugin_content_manager_configuration_content_types::plugins::users-permissions.permission	{"uid":"plugins::users-permissions.permission","settings":{"bulkable":true,"filterable":true,"searchable":true,"pageSize":10,"mainField":"type","defaultSortBy":"type","defaultSortOrder":"ASC"},"metadatas":{"id":{"edit":{},"list":{"label":"Id","searchable":true,"sortable":true}},"type":{"edit":{"label":"Type","description":"","placeholder":"","visible":true,"editable":true},"list":{"label":"Type","searchable":true,"sortable":true}},"controller":{"edit":{"label":"Controller","description":"","placeholder":"","visible":true,"editable":true},"list":{"label":"Controller","searchable":true,"sortable":true}},"action":{"edit":{"label":"Action","description":"","placeholder":"","visible":true,"editable":true},"list":{"label":"Action","searchable":true,"sortable":true}},"enabled":{"edit":{"label":"Enabled","description":"","placeholder":"","visible":true,"editable":true},"list":{"label":"Enabled","searchable":true,"sortable":true}},"policy":{"edit":{"label":"Policy","description":"","placeholder":"","visible":true,"editable":true},"list":{"label":"Policy","searchable":true,"sortable":true}},"role":{"edit":{"label":"Role","description":"","placeholder":"","visible":true,"editable":true,"mainField":"name"},"list":{"label":"Role","searchable":false,"sortable":false}}},"layouts":{"list":["id","type","controller","action"],"editRelations":["role"],"edit":[[{"name":"type","size":6},{"name":"controller","size":6}],[{"name":"action","size":6},{"name":"enabled","size":4}],[{"name":"policy","size":6}]]}}	object		
18	plugin_content_manager_configuration_content_types::plugins::users-permissions.role	{"uid":"plugins::users-permissions.role","settings":{"bulkable":true,"filterable":true,"searchable":true,"pageSize":10,"mainField":"name","defaultSortBy":"name","defaultSortOrder":"ASC"},"metadatas":{"id":{"edit":{},"list":{"label":"Id","searchable":true,"sortable":true}},"name":{"edit":{"label":"Name","description":"","placeholder":"","visible":true,"editable":true},"list":{"label":"Name","searchable":true,"sortable":true}},"description":{"edit":{"label":"Description","description":"","placeholder":"","visible":true,"editable":true},"list":{"label":"Description","searchable":true,"sortable":true}},"type":{"edit":{"label":"Type","description":"","placeholder":"","visible":true,"editable":true},"list":{"label":"Type","searchable":true,"sortable":true}},"permissions":{"edit":{"label":"Permissions","description":"","placeholder":"","visible":true,"editable":true,"mainField":"type"},"list":{"label":"Permissions","searchable":false,"sortable":false}},"users":{"edit":{"label":"Users","description":"","placeholder":"","visible":true,"editable":true,"mainField":"username"},"list":{"label":"Users","searchable":false,"sortable":false}}},"layouts":{"list":["id","name","description","type"],"editRelations":["permissions","users"],"edit":[[{"name":"name","size":6},{"name":"description","size":6}],[{"name":"type","size":6}]]}}	object		
19	plugin_content_manager_configuration_content_types::plugins::upload.file	{"uid":"plugins::upload.file","settings":{"bulkable":true,"filterable":true,"searchable":true,"pageSize":10,"mainField":"name","defaultSortBy":"name","defaultSortOrder":"ASC"},"metadatas":{"id":{"edit":{},"list":{"label":"Id","searchable":true,"sortable":true}},"name":{"edit":{"label":"Name","description":"","placeholder":"","visible":true,"editable":true},"list":{"label":"Name","searchable":true,"sortable":true}},"alternativeText":{"edit":{"label":"AlternativeText","description":"","placeholder":"","visible":true,"editable":true},"list":{"label":"AlternativeText","searchable":true,"sortable":true}},"caption":{"edit":{"label":"Caption","description":"","placeholder":"","visible":true,"editable":true},"list":{"label":"Caption","searchable":true,"sortable":true}},"width":{"edit":{"label":"Width","description":"","placeholder":"","visible":true,"editable":true},"list":{"label":"Width","searchable":true,"sortable":true}},"height":{"edit":{"label":"Height","description":"","placeholder":"","visible":true,"editable":true},"list":{"label":"Height","searchable":true,"sortable":true}},"formats":{"edit":{"label":"Formats","description":"","placeholder":"","visible":true,"editable":true},"list":{"label":"Formats","searchable":false,"sortable":false}},"hash":{"edit":{"label":"Hash","description":"","placeholder":"","visible":true,"editable":true},"list":{"label":"Hash","searchable":true,"sortable":true}},"ext":{"edit":{"label":"Ext","description":"","placeholder":"","visible":true,"editable":true},"list":{"label":"Ext","searchable":true,"sortable":true}},"mime":{"edit":{"label":"Mime","description":"","placeholder":"","visible":true,"editable":true},"list":{"label":"Mime","searchable":true,"sortable":true}},"size":{"edit":{"label":"Size","description":"","placeholder":"","visible":true,"editable":true},"list":{"label":"Size","searchable":true,"sortable":true}},"url":{"edit":{"label":"Url","description":"","placeholder":"","visible":true,"editable":true},"list":{"label":"Url","searchable":true,"sortable":true}},"previewUrl":{"edit":{"label":"PreviewUrl","description":"","placeholder":"","visible":true,"editable":true},"list":{"label":"PreviewUrl","searchable":true,"sortable":true}},"provider":{"edit":{"label":"Provider","description":"","placeholder":"","visible":true,"editable":true},"list":{"label":"Provider","searchable":true,"sortable":true}},"provider_metadata":{"edit":{"label":"Provider_metadata","description":"","placeholder":"","visible":true,"editable":true},"list":{"label":"Provider_metadata","searchable":false,"sortable":false}},"related":{"edit":{"label":"Related","description":"","placeholder":"","visible":true,"editable":true,"mainField":"id"},"list":{"label":"Related","searchable":false,"sortable":false}},"created_at":{"edit":{"label":"Created_at","description":"","placeholder":"","visible":false,"editable":true},"list":{"label":"Created_at","searchable":true,"sortable":true}},"updated_at":{"edit":{"label":"Updated_at","description":"","placeholder":"","visible":false,"editable":true},"list":{"label":"Updated_at","searchable":true,"sortable":true}}},"layouts":{"list":["id","name","alternativeText","caption"],"editRelations":["related"],"edit":[[{"name":"name","size":6},{"name":"alternativeText","size":6}],[{"name":"caption","size":6},{"name":"width","size":4}],[{"name":"height","size":4}],[{"name":"formats","size":12}],[{"name":"hash","size":6},{"name":"ext","size":6}],[{"name":"mime","size":6},{"name":"size","size":4}],[{"name":"url","size":6},{"name":"previewUrl","size":6}],[{"name":"provider","size":6}],[{"name":"provider_metadata","size":12}]]}}	object		
21	plugin_users-permissions_email	{"reset_password":{"display":"Email.template.reset_password","icon":"sync","options":{"from":{"name":"Administration Panel","email":"no-reply@strapi.io"},"response_email":"","object":"Reset password","message":"<p>We heard that you lost your password. Sorry about that!</p>\\n\\n<p>But don’t worry! You can use the following link to reset your password:</p>\\n<p><%= URL %>?code=<%= TOKEN %></p>\\n\\n<p>Thanks.</p>"}},"email_confirmation":{"display":"Email.template.email_confirmation","icon":"check-square","options":{"from":{"name":"Administration Panel","email":"no-reply@strapi.io"},"response_email":"","object":"Account confirmation","message":"<p>Thank you for registering!</p>\\n\\n<p>You have to confirm your email address. Please click on the link below.</p>\\n\\n<p><%= URL %>?confirmation=<%= CODE %></p>\\n\\n<p>Thanks.</p>"}}}	object		
22	plugin_users-permissions_advanced	{"unique_email":true,"allow_register":true,"email_confirmation":false,"email_reset_password":null,"email_confirmation_redirection":null,"default_role":"authenticated"}	object		
23	db_model_modalidade_ingressos	{"Nome":{"type":"string","required":true,"unique":true},"Descricao":{"type":"text"},"notas":{"via":"modalidade_ingresso","collection":"nota","isVirtual":true},"created_by":{"model":"user","plugin":"admin"},"updated_by":{"model":"user","plugin":"admin"},"created_at":{"type":"currentTimestamp"},"updated_at":{"type":"currentTimestamp"}}	object	\N	\N
26	plugin_content_manager_configuration_content_types::application::institutos.institutos	{"uid":"application::institutos.institutos","settings":{"bulkable":true,"filterable":true,"searchable":true,"pageSize":10,"mainField":"Nome","defaultSortBy":"Nome","defaultSortOrder":"ASC"},"metadatas":{"id":{"edit":{},"list":{"label":"Id","searchable":true,"sortable":true}},"Nome":{"edit":{"label":"Nome","description":"","placeholder":"","visible":true,"editable":true},"list":{"label":"Nome","searchable":true,"sortable":true}},"cursos":{"edit":{"label":"Cursos","description":"","placeholder":"","visible":true,"editable":true,"mainField":"Nome"},"list":{"label":"Cursos","searchable":false,"sortable":false}},"created_at":{"edit":{"label":"Created_at","description":"","placeholder":"","visible":false,"editable":true},"list":{"label":"Created_at","searchable":true,"sortable":true}},"updated_at":{"edit":{"label":"Updated_at","description":"","placeholder":"","visible":false,"editable":true},"list":{"label":"Updated_at","searchable":true,"sortable":true}}},"layouts":{"list":["id","Nome","created_at","updated_at"],"edit":[[{"name":"Nome","size":6}]],"editRelations":["cursos"]}}	object		
30	plugin_content_manager_configuration_content_types::application::nota.nota	{"uid":"application::nota.nota","settings":{"bulkable":true,"filterable":true,"searchable":true,"pageSize":10,"mainField":"id","defaultSortBy":"id","defaultSortOrder":"ASC"},"metadatas":{"id":{"edit":{},"list":{"label":"Id","searchable":true,"sortable":true}},"curso_1":{"edit":{"label":"Curso_1","description":"","placeholder":"","visible":true,"editable":true,"mainField":"Nome"},"list":{"label":"Curso_1","searchable":false,"sortable":false}},"curso_2":{"edit":{"label":"Curso_2","description":"","placeholder":"","visible":true,"editable":true,"mainField":"Nome"},"list":{"label":"Curso_2","searchable":false,"sortable":false}},"curso_3":{"edit":{"label":"Curso_3","description":"","placeholder":"","visible":true,"editable":true,"mainField":"Nome"},"list":{"label":"Curso_3","searchable":false,"sortable":false}},"curso_4":{"edit":{"label":"Curso_4","description":"","placeholder":"","visible":true,"editable":true,"mainField":"Nome"},"list":{"label":"Curso_4","searchable":false,"sortable":false}},"classificacao_1":{"edit":{"label":"Classificacao_1","description":"","placeholder":"","visible":true,"editable":true},"list":{"label":"Classificacao_1","searchable":true,"sortable":true}},"classificacao_2":{"edit":{"label":"Classificacao_2","description":"","placeholder":"","visible":true,"editable":true},"list":{"label":"Classificacao_2","searchable":true,"sortable":true}},"classificacao_3":{"edit":{"label":"Classificacao_3","description":"","placeholder":"","visible":true,"editable":true},"list":{"label":"Classificacao_3","searchable":true,"sortable":true}},"classificacao_4":{"edit":{"label":"Classificacao_4","description":"","placeholder":"","visible":true,"editable":true},"list":{"label":"Classificacao_4","searchable":true,"sortable":true}},"nota_1_fase":{"edit":{"label":"Nota_1_fase","description":"","placeholder":"","visible":true,"editable":true},"list":{"label":"Nota_1_fase","searchable":true,"sortable":true}},"nota_2_fase_1_dia":{"edit":{"label":"Nota_2_fase_1_dia","description":"","placeholder":"","visible":true,"editable":true},"list":{"label":"Nota_2_fase_1_dia","searchable":true,"sortable":true}},"nota_2_fase_2_dia":{"edit":{"label":"Nota_2_fase_2_dia","description":"","placeholder":"","visible":true,"editable":true},"list":{"label":"Nota_2_fase_2_dia","searchable":true,"sortable":true}},"nota_redacao":{"edit":{"label":"Nota_redacao","description":"","placeholder":"","visible":true,"editable":true},"list":{"label":"Nota_redacao","searchable":true,"sortable":true}},"modalidade_ingresso":{"edit":{"label":"Modalidade_ingresso","description":"","placeholder":"","visible":true,"editable":true,"mainField":"Nome"},"list":{"label":"Modalidade_ingresso","searchable":false,"sortable":false}},"created_at":{"edit":{"label":"Created_at","description":"","placeholder":"","visible":false,"editable":true},"list":{"label":"Created_at","searchable":true,"sortable":true}},"updated_at":{"edit":{"label":"Updated_at","description":"","placeholder":"","visible":false,"editable":true},"list":{"label":"Updated_at","searchable":true,"sortable":true}}},"layouts":{"list":["id","classificacao_1","classificacao_2","classificacao_3"],"editRelations":["curso_1","curso_2","curso_3","curso_4","modalidade_ingresso"],"edit":[[{"name":"classificacao_1","size":4},{"name":"classificacao_2","size":4},{"name":"classificacao_3","size":4}],[{"name":"classificacao_4","size":4},{"name":"nota_1_fase","size":4},{"name":"nota_2_fase_1_dia","size":4}],[{"name":"nota_2_fase_2_dia","size":4},{"name":"nota_redacao","size":4}]]}}	object		
25	db_model_institutos	{"Nome":{"type":"string","required":true,"unique":true},"cursos":{"collection":"curso","via":"instituto","isVirtual":true},"created_by":{"model":"user","plugin":"admin"},"updated_by":{"model":"user","plugin":"admin"},"created_at":{"type":"currentTimestamp"},"updated_at":{"type":"currentTimestamp"}}	object	\N	\N
29	db_model_notas	{"curso_1":{"model":"curso","via":"notas_1"},"curso_2":{"model":"curso","via":"notas_2"},"curso_3":{"model":"curso","via":"notas_3"},"curso_4":{"model":"curso","via":"notas_4"},"classificacao_1":{"type":"integer"},"classificacao_2":{"type":"integer"},"classificacao_3":{"type":"integer"},"classificacao_4":{"type":"integer"},"nota_1_fase":{"type":"decimal"},"nota_2_fase_1_dia":{"type":"decimal"},"nota_2_fase_2_dia":{"type":"decimal"},"nota_redacao":{"type":"decimal"},"modalidade_ingresso":{"model":"modalidade-ingresso","via":"notas"},"created_by":{"model":"user","plugin":"admin"},"updated_by":{"model":"user","plugin":"admin"},"created_at":{"type":"currentTimestamp"},"updated_at":{"type":"currentTimestamp"}}	object	\N	\N
27	db_model_cursos	{"Nome":{"type":"string","required":true,"unique":true},"instituto":{"via":"cursos","model":"institutos"},"notas_1":{"via":"curso_1","collection":"nota","isVirtual":true},"notas_2":{"via":"curso_2","collection":"nota","isVirtual":true},"notas_3":{"via":"curso_3","collection":"nota","isVirtual":true},"notas_4":{"via":"curso_4","collection":"nota","isVirtual":true},"depoimentos":{"via":"curso","collection":"depoimento","isVirtual":true},"created_by":{"model":"user","plugin":"admin"},"updated_by":{"model":"user","plugin":"admin"},"created_at":{"type":"currentTimestamp"},"updated_at":{"type":"currentTimestamp"}}	object	\N	\N
24	plugin_content_manager_configuration_content_types::application::modalidade-ingresso.modalidade-ingresso	{"uid":"application::modalidade-ingresso.modalidade-ingresso","settings":{"bulkable":true,"filterable":true,"searchable":true,"pageSize":10,"mainField":"Nome","defaultSortBy":"Nome","defaultSortOrder":"ASC"},"metadatas":{"id":{"edit":{},"list":{"label":"Id","searchable":true,"sortable":true}},"Nome":{"edit":{"label":"Nome","description":"","placeholder":"","visible":true,"editable":true},"list":{"label":"Nome","searchable":true,"sortable":true}},"Descricao":{"edit":{"label":"Descricao","description":"","placeholder":"","visible":true,"editable":true},"list":{"label":"Descricao","searchable":true,"sortable":true}},"notas":{"edit":{"label":"Notas","description":"","placeholder":"","visible":true,"editable":true,"mainField":"id"},"list":{"label":"Notas","searchable":false,"sortable":false}},"created_at":{"edit":{"label":"Created_at","description":"","placeholder":"","visible":false,"editable":true},"list":{"label":"Created_at","searchable":true,"sortable":true}},"updated_at":{"edit":{"label":"Updated_at","description":"","placeholder":"","visible":false,"editable":true},"list":{"label":"Updated_at","searchable":true,"sortable":true}}},"layouts":{"list":["id","Nome","Descricao","created_at"],"edit":[[{"name":"Nome","size":6},{"name":"Descricao","size":6}]],"editRelations":["notas"]}}	object		
31	db_model_depoimentos	{"Titulo":{"type":"string","maxLength":100,"required":true,"unique":false},"curso":{"model":"curso","via":"depoimentos"},"Texto":{"type":"richtext"},"created_by":{"model":"user","plugin":"admin"},"updated_by":{"model":"user","plugin":"admin"},"created_at":{"type":"currentTimestamp"},"updated_at":{"type":"currentTimestamp"}}	object	\N	\N
32	plugin_content_manager_configuration_content_types::application::depoimento.depoimento	{"uid":"application::depoimento.depoimento","settings":{"bulkable":true,"filterable":true,"searchable":true,"pageSize":10,"mainField":"Titulo","defaultSortBy":"Titulo","defaultSortOrder":"ASC"},"metadatas":{"id":{"edit":{},"list":{"label":"Id","searchable":true,"sortable":true}},"Titulo":{"edit":{"label":"Titulo","description":"","placeholder":"","visible":true,"editable":true},"list":{"label":"Titulo","searchable":true,"sortable":true}},"curso":{"edit":{"label":"Curso","description":"","placeholder":"","visible":true,"editable":true,"mainField":"Nome"},"list":{"label":"Curso","searchable":false,"sortable":false}},"Texto":{"edit":{"label":"Texto","description":"","placeholder":"","visible":true,"editable":true},"list":{"label":"Texto","searchable":false,"sortable":false}},"created_at":{"edit":{"label":"Created_at","description":"","placeholder":"","visible":false,"editable":true},"list":{"label":"Created_at","searchable":true,"sortable":true}},"updated_at":{"edit":{"label":"Updated_at","description":"","placeholder":"","visible":false,"editable":true},"list":{"label":"Updated_at","searchable":true,"sortable":true}}},"layouts":{"list":["id","Titulo","created_at","updated_at"],"editRelations":["curso"],"edit":[[{"name":"Titulo","size":6}],[{"name":"Texto","size":12}]]}}	object		
28	plugin_content_manager_configuration_content_types::application::curso.curso	{"uid":"application::curso.curso","settings":{"bulkable":true,"filterable":true,"searchable":true,"pageSize":10,"mainField":"Nome","defaultSortBy":"Nome","defaultSortOrder":"ASC"},"metadatas":{"id":{"edit":{},"list":{"label":"Id","searchable":true,"sortable":true}},"Nome":{"edit":{"label":"Nome","description":"","placeholder":"","visible":true,"editable":true},"list":{"label":"Nome","searchable":true,"sortable":true}},"instituto":{"edit":{"label":"Instituto","description":"","placeholder":"","visible":true,"editable":true,"mainField":"Nome"},"list":{"label":"Instituto","searchable":false,"sortable":false}},"notas_1":{"edit":{"label":"Notas_1","description":"","placeholder":"","visible":true,"editable":true,"mainField":"id"},"list":{"label":"Notas_1","searchable":false,"sortable":false}},"notas_2":{"edit":{"label":"Notas_2","description":"","placeholder":"","visible":true,"editable":true,"mainField":"id"},"list":{"label":"Notas_2","searchable":false,"sortable":false}},"notas_3":{"edit":{"label":"Notas_3","description":"","placeholder":"","visible":true,"editable":true,"mainField":"id"},"list":{"label":"Notas_3","searchable":false,"sortable":false}},"notas_4":{"edit":{"label":"Notas_4","description":"","placeholder":"","visible":true,"editable":true,"mainField":"id"},"list":{"label":"Notas_4","searchable":false,"sortable":false}},"depoimentos":{"edit":{"label":"Depoimentos","description":"","placeholder":"","visible":true,"editable":true,"mainField":"Titulo"},"list":{"label":"Depoimentos","searchable":false,"sortable":false}},"created_at":{"edit":{"label":"Created_at","description":"","placeholder":"","visible":false,"editable":true},"list":{"label":"Created_at","searchable":true,"sortable":true}},"updated_at":{"edit":{"label":"Updated_at","description":"","placeholder":"","visible":false,"editable":true},"list":{"label":"Updated_at","searchable":true,"sortable":true}}},"layouts":{"list":["id","Nome","created_at","updated_at"],"edit":[[{"name":"Nome","size":6}]],"editRelations":["instituto","notas_1","notas_2","notas_3","notas_4","depoimentos"]}}	object		
33	db_model_redacoes	{"Titulo":{"type":"string"},"Texto":{"model":"file","via":"related","allowedTypes":["images"],"plugin":"upload","required":true},"created_by":{"model":"user","plugin":"admin"},"updated_by":{"model":"user","plugin":"admin"},"created_at":{"type":"currentTimestamp"},"updated_at":{"type":"currentTimestamp"}}	object	\N	\N
34	plugin_content_manager_configuration_content_types::application::redacoes.redacoes	{"uid":"application::redacoes.redacoes","settings":{"bulkable":true,"filterable":true,"searchable":true,"pageSize":10,"mainField":"Titulo","defaultSortBy":"Titulo","defaultSortOrder":"ASC"},"metadatas":{"id":{"edit":{},"list":{"label":"Id","searchable":true,"sortable":true}},"Titulo":{"edit":{"label":"Titulo","description":"","placeholder":"","visible":true,"editable":true},"list":{"label":"Titulo","searchable":true,"sortable":true}},"Texto":{"edit":{"label":"Texto","description":"","placeholder":"","visible":true,"editable":true},"list":{"label":"Texto","searchable":false,"sortable":false}},"created_at":{"edit":{"label":"Created_at","description":"","placeholder":"","visible":false,"editable":true},"list":{"label":"Created_at","searchable":true,"sortable":true}},"updated_at":{"edit":{"label":"Updated_at","description":"","placeholder":"","visible":false,"editable":true},"list":{"label":"Updated_at","searchable":true,"sortable":true}}},"layouts":{"list":["id","Titulo","Texto","created_at"],"editRelations":[],"edit":[[{"name":"Titulo","size":6},{"name":"Texto","size":6}]]}}	object		
\.


--
-- Data for Name: cursos; Type: TABLE DATA; Schema: public; Owner: admin
--

COPY public.cursos (id, "Nome", instituto, created_by, updated_by, created_at, updated_at) FROM stdin;
\.


--
-- Data for Name: depoimentos; Type: TABLE DATA; Schema: public; Owner: admin
--

COPY public.depoimentos (id, "Titulo", curso, "Texto", created_by, updated_by, created_at, updated_at) FROM stdin;
\.


--
-- Data for Name: institutos; Type: TABLE DATA; Schema: public; Owner: admin
--

COPY public.institutos (id, "Nome", created_by, updated_by, created_at, updated_at) FROM stdin;
\.


--
-- Data for Name: modalidade_ingressos; Type: TABLE DATA; Schema: public; Owner: admin
--

COPY public.modalidade_ingressos (id, "Nome", "Descricao", created_by, updated_by, created_at, updated_at) FROM stdin;
\.


--
-- Data for Name: notas; Type: TABLE DATA; Schema: public; Owner: admin
--

COPY public.notas (id, curso_1, curso_2, curso_3, curso_4, classificacao_1, classificacao_2, classificacao_3, classificacao_4, nota_1_fase, nota_2_fase_1_dia, nota_2_fase_2_dia, nota_redacao, modalidade_ingresso, created_by, updated_by, created_at, updated_at) FROM stdin;
\.


--
-- Data for Name: redacoes; Type: TABLE DATA; Schema: public; Owner: admin
--

COPY public.redacoes (id, "Titulo", created_by, updated_by, created_at, updated_at) FROM stdin;
\.


--
-- Data for Name: strapi_administrator; Type: TABLE DATA; Schema: public; Owner: admin
--

COPY public.strapi_administrator (id, firstname, lastname, username, email, password, "resetPasswordToken", "registrationToken", "isActive", blocked) FROM stdin;
1	Admin	Admin	\N	admin@admin.com	$2a$10$HYejbsS6jBOSkrClxxKW0e7gIrbwe8tYqQFGmNanGfgcubAdeuhie	\N	\N	t	\N
\.


--
-- Data for Name: strapi_permission; Type: TABLE DATA; Schema: public; Owner: admin
--

COPY public.strapi_permission (id, action, subject, fields, conditions, role, created_at, updated_at) FROM stdin;
1	plugins::upload.read	\N	\N	[]	2	2020-07-27 19:18:34.498-03	2020-07-27 19:18:34.511-03
2	plugins::upload.assets.create	\N	\N	[]	2	2020-07-27 19:18:34.498-03	2020-07-27 19:18:34.511-03
3	plugins::upload.assets.update	\N	\N	[]	2	2020-07-27 19:18:34.498-03	2020-07-27 19:18:34.511-03
5	plugins::upload.assets.copy-link	\N	\N	[]	2	2020-07-27 19:18:34.499-03	2020-07-27 19:18:34.515-03
4	plugins::upload.assets.download	\N	\N	[]	2	2020-07-27 19:18:34.498-03	2020-07-27 19:18:34.515-03
6	plugins::upload.read	\N	\N	["admin::is-creator"]	3	2020-07-27 19:18:34.563-03	2020-07-27 19:18:34.581-03
7	plugins::upload.assets.create	\N	\N	[]	3	2020-07-27 19:18:34.564-03	2020-07-27 19:18:34.581-03
8	plugins::upload.assets.update	\N	\N	["admin::is-creator"]	3	2020-07-27 19:18:34.564-03	2020-07-27 19:18:34.581-03
9	plugins::upload.assets.download	\N	\N	[]	3	2020-07-27 19:18:34.564-03	2020-07-27 19:18:34.582-03
10	plugins::upload.assets.copy-link	\N	\N	[]	3	2020-07-27 19:18:34.565-03	2020-07-27 19:18:34.589-03
11	plugins::content-manager.explorer.create	plugins::users-permissions.user	["username", "email", "provider", "password", "resetPasswordToken", "confirmed", "blocked", "role"]	[]	1	2020-07-27 19:18:34.649-03	2020-07-27 19:18:34.675-03
12	plugins::content-manager.explorer.read	plugins::users-permissions.user	["username", "email", "provider", "password", "resetPasswordToken", "confirmed", "blocked", "role"]	[]	1	2020-07-27 19:18:34.649-03	2020-07-27 19:18:34.675-03
13	plugins::content-manager.explorer.update	plugins::users-permissions.user	["username", "email", "provider", "password", "resetPasswordToken", "confirmed", "blocked", "role"]	[]	1	2020-07-27 19:18:34.649-03	2020-07-27 19:18:34.675-03
14	plugins::content-manager.explorer.delete	plugins::users-permissions.user	\N	[]	1	2020-07-27 19:18:34.649-03	2020-07-27 19:18:34.676-03
15	plugins::content-type-builder.read	\N	\N	[]	1	2020-07-27 19:18:34.65-03	2020-07-27 19:18:34.676-03
16	plugins::upload.read	\N	\N	[]	1	2020-07-27 19:18:34.65-03	2020-07-27 19:18:34.676-03
17	plugins::upload.assets.create	\N	\N	[]	1	2020-07-27 19:18:34.65-03	2020-07-27 19:18:34.676-03
18	plugins::upload.assets.update	\N	\N	[]	1	2020-07-27 19:18:34.65-03	2020-07-27 19:18:34.676-03
19	plugins::upload.assets.download	\N	\N	[]	1	2020-07-27 19:18:34.65-03	2020-07-27 19:18:34.676-03
20	plugins::upload.assets.copy-link	\N	\N	[]	1	2020-07-27 19:18:34.651-03	2020-07-27 19:18:34.684-03
21	plugins::upload.settings.read	\N	\N	[]	1	2020-07-27 19:18:34.732-03	2020-07-27 19:18:34.767-03
22	plugins::content-manager.single-types.configure-view	\N	\N	[]	1	2020-07-27 19:18:34.744-03	2020-07-27 19:18:34.772-03
23	plugins::content-manager.collection-types.configure-view	\N	\N	[]	1	2020-07-27 19:18:34.744-03	2020-07-27 19:18:34.772-03
24	plugins::content-manager.components.configure-layout	\N	\N	[]	1	2020-07-27 19:18:34.744-03	2020-07-27 19:18:34.772-03
25	plugins::users-permissions.roles.create	\N	\N	[]	1	2020-07-27 19:18:34.745-03	2020-07-27 19:18:34.772-03
26	plugins::users-permissions.roles.read	\N	\N	[]	1	2020-07-27 19:18:34.745-03	2020-07-27 19:18:34.772-03
27	plugins::users-permissions.roles.update	\N	\N	[]	1	2020-07-27 19:18:34.745-03	2020-07-27 19:18:34.772-03
28	plugins::users-permissions.roles.delete	\N	\N	[]	1	2020-07-27 19:18:34.745-03	2020-07-27 19:18:34.772-03
29	plugins::users-permissions.providers.read	\N	\N	[]	1	2020-07-27 19:18:34.746-03	2020-07-27 19:18:34.773-03
30	plugins::users-permissions.providers.update	\N	\N	[]	1	2020-07-27 19:18:34.746-03	2020-07-27 19:18:34.773-03
31	plugins::users-permissions.email-templates.read	\N	\N	[]	1	2020-07-27 19:18:34.814-03	2020-07-27 19:18:34.818-03
32	plugins::users-permissions.email-templates.update	\N	\N	[]	1	2020-07-27 19:18:34.822-03	2020-07-27 19:18:34.849-03
33	plugins::users-permissions.advanced-settings.read	\N	\N	[]	1	2020-07-27 19:18:34.822-03	2020-07-27 19:18:34.849-03
34	plugins::users-permissions.advanced-settings.update	\N	\N	[]	1	2020-07-27 19:18:34.823-03	2020-07-27 19:18:34.85-03
35	admin::marketplace.read	\N	\N	[]	1	2020-07-27 19:18:34.823-03	2020-07-27 19:18:34.85-03
36	admin::marketplace.plugins.install	\N	\N	[]	1	2020-07-27 19:18:34.823-03	2020-07-27 19:18:34.85-03
37	admin::marketplace.plugins.uninstall	\N	\N	[]	1	2020-07-27 19:18:34.823-03	2020-07-27 19:18:34.85-03
38	admin::webhooks.create	\N	\N	[]	1	2020-07-27 19:18:34.823-03	2020-07-27 19:18:34.85-03
39	admin::webhooks.read	\N	\N	[]	1	2020-07-27 19:18:34.832-03	2020-07-27 19:18:34.858-03
40	admin::webhooks.update	\N	\N	[]	1	2020-07-27 19:18:34.833-03	2020-07-27 19:18:34.858-03
41	admin::webhooks.delete	\N	\N	[]	1	2020-07-27 19:18:34.87-03	2020-07-27 19:18:34.891-03
42	admin::users.create	\N	\N	[]	1	2020-07-27 19:18:34.895-03	2020-07-27 19:18:34.912-03
43	admin::users.read	\N	\N	[]	1	2020-07-27 19:18:34.903-03	2020-07-27 19:18:34.925-03
44	admin::users.update	\N	\N	[]	1	2020-07-27 19:18:34.903-03	2020-07-27 19:18:34.926-03
45	admin::users.delete	\N	\N	[]	1	2020-07-27 19:18:34.903-03	2020-07-27 19:18:34.926-03
46	admin::roles.create	\N	\N	[]	1	2020-07-27 19:18:34.903-03	2020-07-27 19:18:34.926-03
47	admin::roles.read	\N	\N	[]	1	2020-07-27 19:18:34.904-03	2020-07-27 19:18:34.926-03
48	admin::roles.update	\N	\N	[]	1	2020-07-27 19:18:34.904-03	2020-07-27 19:18:34.926-03
49	admin::roles.delete	\N	\N	[]	1	2020-07-27 19:18:34.904-03	2020-07-27 19:18:34.926-03
53	plugins::content-manager.explorer.delete	application::modalidade-ingresso.modalidade-ingresso	\N	[]	1	2020-07-27 19:22:10.738-03	2020-07-27 19:22:10.753-03
59	plugins::content-manager.explorer.create	application::institutos.institutos	["Nome", "cursos"]	[]	1	2020-07-27 19:24:16.588-03	2020-07-27 19:24:16.608-03
57	plugins::content-manager.explorer.delete	application::institutos.institutos	\N	[]	1	2020-07-27 19:22:45.98-03	2020-07-27 19:22:45.997-03
61	plugins::content-manager.explorer.read	application::institutos.institutos	["Nome", "cursos"]	[]	1	2020-07-27 19:24:16.588-03	2020-07-27 19:24:16.61-03
63	plugins::content-manager.explorer.update	application::institutos.institutos	["Nome", "cursos"]	[]	1	2020-07-27 19:24:16.588-03	2020-07-27 19:24:16.61-03
64	plugins::content-manager.explorer.delete	application::curso.curso	\N	[]	1	2020-07-27 19:24:16.589-03	2020-07-27 19:24:16.619-03
81	plugins::content-manager.explorer.delete	application::depoimento.depoimento	\N	[]	1	2020-07-27 19:39:00.018-03	2020-07-27 19:39:00.048-03
66	plugins::content-manager.explorer.create	application::modalidade-ingresso.modalidade-ingresso	["Nome", "Descricao", "notas"]	[]	1	2020-07-27 19:36:38.718-03	2020-07-27 19:36:38.746-03
67	plugins::content-manager.explorer.create	application::nota.nota	["curso_1", "curso_2", "curso_3", "curso_4", "classificacao_1", "classificacao_2", "classificacao_3", "classificacao_4", "nota_1_fase", "nota_2_fase_1_dia", "nota_2_fase_2_dia", "nota_redacao", "modalidade_ingresso"]	[]	1	2020-07-27 19:36:38.718-03	2020-07-27 19:36:38.746-03
69	plugins::content-manager.explorer.read	application::modalidade-ingresso.modalidade-ingresso	["Nome", "Descricao", "notas"]	[]	1	2020-07-27 19:36:38.718-03	2020-07-27 19:36:38.747-03
70	plugins::content-manager.explorer.read	application::nota.nota	["curso_1", "curso_2", "curso_3", "curso_4", "classificacao_1", "classificacao_2", "classificacao_3", "classificacao_4", "nota_1_fase", "nota_2_fase_1_dia", "nota_2_fase_2_dia", "nota_redacao", "modalidade_ingresso"]	[]	1	2020-07-27 19:36:38.719-03	2020-07-27 19:36:38.747-03
72	plugins::content-manager.explorer.update	application::modalidade-ingresso.modalidade-ingresso	["Nome", "Descricao", "notas"]	[]	1	2020-07-27 19:36:38.719-03	2020-07-27 19:36:38.747-03
73	plugins::content-manager.explorer.update	application::nota.nota	["curso_1", "curso_2", "curso_3", "curso_4", "classificacao_1", "classificacao_2", "classificacao_3", "classificacao_4", "nota_1_fase", "nota_2_fase_1_dia", "nota_2_fase_2_dia", "nota_redacao", "modalidade_ingresso"]	[]	1	2020-07-27 19:36:38.719-03	2020-07-27 19:36:38.747-03
74	plugins::content-manager.explorer.delete	application::nota.nota	\N	[]	1	2020-07-27 19:36:38.719-03	2020-07-27 19:36:38.756-03
82	plugins::content-manager.explorer.create	application::redacoes.redacoes	["Titulo", "Texto"]	[]	1	2020-07-27 19:41:06.42-03	2020-07-27 19:41:06.432-03
75	plugins::content-manager.explorer.create	application::curso.curso	["Nome", "instituto", "notas_1", "notas_2", "notas_3", "notas_4", "depoimentos"]	[]	1	2020-07-27 19:39:00.016-03	2020-07-27 19:39:00.041-03
76	plugins::content-manager.explorer.create	application::depoimento.depoimento	["Titulo", "curso", "Texto"]	[]	1	2020-07-27 19:39:00.017-03	2020-07-27 19:39:00.041-03
77	plugins::content-manager.explorer.read	application::curso.curso	["Nome", "instituto", "notas_1", "notas_2", "notas_3", "notas_4", "depoimentos"]	[]	1	2020-07-27 19:39:00.017-03	2020-07-27 19:39:00.041-03
78	plugins::content-manager.explorer.read	application::depoimento.depoimento	["Titulo", "curso", "Texto"]	[]	1	2020-07-27 19:39:00.017-03	2020-07-27 19:39:00.041-03
79	plugins::content-manager.explorer.update	application::curso.curso	["Nome", "instituto", "notas_1", "notas_2", "notas_3", "notas_4", "depoimentos"]	[]	1	2020-07-27 19:39:00.018-03	2020-07-27 19:39:00.041-03
80	plugins::content-manager.explorer.update	application::depoimento.depoimento	["Titulo", "curso", "Texto"]	[]	1	2020-07-27 19:39:00.018-03	2020-07-27 19:39:00.041-03
83	plugins::content-manager.explorer.read	application::redacoes.redacoes	["Titulo", "Texto"]	[]	1	2020-07-27 19:41:06.42-03	2020-07-27 19:41:06.432-03
84	plugins::content-manager.explorer.update	application::redacoes.redacoes	["Titulo", "Texto"]	[]	1	2020-07-27 19:41:06.421-03	2020-07-27 19:41:06.432-03
85	plugins::content-manager.explorer.delete	application::redacoes.redacoes	\N	[]	1	2020-07-27 19:41:06.421-03	2020-07-27 19:41:06.436-03
\.


--
-- Data for Name: strapi_role; Type: TABLE DATA; Schema: public; Owner: admin
--

COPY public.strapi_role (id, name, code, description, created_at, updated_at) FROM stdin;
1	Super Admin	strapi-super-admin	Super Admins can access and manage all features and settings.	2020-07-27 19:18:34.409-03	2020-07-27 19:18:34.409-03
2	Editor	strapi-editor	Editors can manage and publish contents including those of other users.	2020-07-27 19:18:34.443-03	2020-07-27 19:18:34.443-03
3	Author	strapi-author	Authors can manage and publish the content they created.	2020-07-27 19:18:34.469-03	2020-07-27 19:18:34.469-03
\.


--
-- Data for Name: strapi_users_roles; Type: TABLE DATA; Schema: public; Owner: admin
--

COPY public.strapi_users_roles (id, user_id, role_id) FROM stdin;
1	1	1
\.


--
-- Data for Name: strapi_webhooks; Type: TABLE DATA; Schema: public; Owner: admin
--

COPY public.strapi_webhooks (id, name, url, headers, events, enabled) FROM stdin;
\.


--
-- Data for Name: upload_file; Type: TABLE DATA; Schema: public; Owner: admin
--

COPY public.upload_file (id, name, "alternativeText", caption, width, height, formats, hash, ext, mime, size, url, "previewUrl", provider, provider_metadata, created_by, updated_by, created_at, updated_at) FROM stdin;
\.


--
-- Data for Name: upload_file_morph; Type: TABLE DATA; Schema: public; Owner: admin
--

COPY public.upload_file_morph (id, upload_file_id, related_id, related_type, field, "order") FROM stdin;
\.


--
-- Data for Name: users-permissions_permission; Type: TABLE DATA; Schema: public; Owner: admin
--

COPY public."users-permissions_permission" (id, type, controller, action, enabled, policy, role, created_by, updated_by) FROM stdin;
1	content-manager	components	findcomponent	f		1	\N	\N
2	content-manager	components	findcomponent	f		2	\N	\N
3	content-manager	components	listcomponents	f		1	\N	\N
4	content-manager	components	listcomponents	f		2	\N	\N
5	content-manager	components	updatecomponent	f		1	\N	\N
6	content-manager	components	updatecomponent	f		2	\N	\N
7	content-manager	contentmanager	checkuidavailability	f		1	\N	\N
8	content-manager	contentmanager	checkuidavailability	f		2	\N	\N
9	content-manager	contentmanager	count	f		1	\N	\N
10	content-manager	contentmanager	count	f		2	\N	\N
11	content-manager	contentmanager	create	f		1	\N	\N
12	content-manager	contentmanager	create	f		2	\N	\N
13	content-manager	contentmanager	delete	f		1	\N	\N
14	content-manager	contentmanager	delete	f		2	\N	\N
15	content-manager	contentmanager	deletemany	f		1	\N	\N
16	content-manager	contentmanager	deletemany	f		2	\N	\N
17	content-manager	contentmanager	find	f		1	\N	\N
18	content-manager	contentmanager	find	f		2	\N	\N
19	content-manager	contentmanager	findone	f		1	\N	\N
20	content-manager	contentmanager	findone	f		2	\N	\N
21	content-manager	contentmanager	findrelationlist	f		1	\N	\N
22	content-manager	contentmanager	findrelationlist	f		2	\N	\N
23	content-manager	contentmanager	generateuid	f		1	\N	\N
24	content-manager	contentmanager	generateuid	f		2	\N	\N
25	content-manager	contentmanager	update	f		1	\N	\N
26	content-manager	contentmanager	update	f		2	\N	\N
27	content-manager	contenttypes	findcontenttype	f		1	\N	\N
28	content-manager	contenttypes	findcontenttype	f		2	\N	\N
29	content-manager	contenttypes	listcontenttypes	f		1	\N	\N
30	content-manager	contenttypes	listcontenttypes	f		2	\N	\N
31	content-manager	contenttypes	updatecontenttype	f		1	\N	\N
32	content-manager	contenttypes	updatecontenttype	f		2	\N	\N
33	content-type-builder	builder	getreservednames	f		1	\N	\N
34	content-type-builder	builder	getreservednames	f		2	\N	\N
35	content-type-builder	componentcategories	deletecategory	f		1	\N	\N
36	content-type-builder	componentcategories	deletecategory	f		2	\N	\N
37	content-type-builder	componentcategories	editcategory	f		1	\N	\N
38	content-type-builder	componentcategories	editcategory	f		2	\N	\N
39	content-type-builder	components	createcomponent	f		1	\N	\N
40	content-type-builder	components	createcomponent	f		2	\N	\N
41	content-type-builder	components	deletecomponent	f		1	\N	\N
42	content-type-builder	components	deletecomponent	f		2	\N	\N
43	content-type-builder	components	getcomponent	f		1	\N	\N
44	content-type-builder	components	getcomponent	f		2	\N	\N
45	content-type-builder	components	getcomponents	f		1	\N	\N
46	content-type-builder	components	getcomponents	f		2	\N	\N
47	content-type-builder	components	updatecomponent	f		1	\N	\N
48	content-type-builder	components	updatecomponent	f		2	\N	\N
49	content-type-builder	connections	getconnections	f		1	\N	\N
50	content-type-builder	connections	getconnections	f		2	\N	\N
51	content-type-builder	contenttypes	createcontenttype	f		1	\N	\N
52	content-type-builder	contenttypes	createcontenttype	f		2	\N	\N
143	application	modalidade-ingresso	count	f		1	\N	\N
53	content-type-builder	contenttypes	deletecontenttype	f		1	\N	\N
54	content-type-builder	contenttypes	deletecontenttype	f		2	\N	\N
55	content-type-builder	contenttypes	getcontenttype	f		1	\N	\N
56	content-type-builder	contenttypes	getcontenttype	f		2	\N	\N
57	content-type-builder	contenttypes	getcontenttypes	f		1	\N	\N
153	application	modalidade-ingresso	update	f		1	\N	\N
156	application	institutos	count	f		2	\N	\N
166	application	institutos	update	f		2	\N	\N
169	application	curso	create	f		1	\N	\N
182	application	nota	create	f		2	\N	\N
195	application	depoimento	delete	f		1	\N	\N
208	application	redacoes	delete	f		2	\N	\N
58	content-type-builder	contenttypes	getcontenttypes	f		2	\N	\N
70	upload	upload	find	f		2	\N	\N
79	upload	upload	upload	f		1	\N	\N
87	users-permissions	auth	forgotpassword	f		1	\N	\N
99	users-permissions	user	destroy	f		1	\N	\N
109	users-permissions	user	update	f		1	\N	\N
119	users-permissions	userspermissions	getpermissions	f		1	\N	\N
130	users-permissions	userspermissions	getroutes	f		2	\N	\N
138	users-permissions	userspermissions	updateemailtemplate	f		2	\N	\N
144	application	modalidade-ingresso	count	f		2	\N	\N
154	application	modalidade-ingresso	update	f		2	\N	\N
157	application	institutos	create	f		1	\N	\N
170	application	curso	create	f		2	\N	\N
183	application	nota	delete	f		1	\N	\N
196	application	depoimento	delete	f		2	\N	\N
209	application	redacoes	find	f		1	\N	\N
59	content-type-builder	contenttypes	updatecontenttype	f		1	\N	\N
69	upload	upload	find	f		1	\N	\N
76	upload	upload	search	f		2	\N	\N
89	users-permissions	auth	register	f		1	\N	\N
98	users-permissions	user	create	f		2	\N	\N
108	users-permissions	user	me	t		2	\N	\N
118	users-permissions	userspermissions	getemailtemplate	f		2	\N	\N
129	users-permissions	userspermissions	getroutes	f		1	\N	\N
140	users-permissions	userspermissions	updateproviders	f		2	\N	\N
145	application	modalidade-ingresso	create	f		1	\N	\N
158	application	institutos	create	f		2	\N	\N
171	application	curso	delete	f		1	\N	\N
184	application	nota	delete	f		2	\N	\N
197	application	depoimento	find	f		1	\N	\N
210	application	redacoes	find	f		2	\N	\N
60	content-type-builder	contenttypes	updatecontenttype	f		2	\N	\N
67	upload	upload	destroy	f		1	\N	\N
77	upload	upload	updatesettings	f		1	\N	\N
86	users-permissions	auth	emailconfirmation	t		2	\N	\N
96	users-permissions	user	count	f		2	\N	\N
106	users-permissions	user	findone	f		2	\N	\N
116	users-permissions	userspermissions	getadvancedsettings	f		2	\N	\N
126	users-permissions	userspermissions	getrole	f		2	\N	\N
136	users-permissions	userspermissions	updateadvancedsettings	f		2	\N	\N
146	application	modalidade-ingresso	create	f		2	\N	\N
159	application	institutos	delete	f		1	\N	\N
172	application	curso	delete	f		2	\N	\N
185	application	nota	find	f		1	\N	\N
198	application	depoimento	find	f		2	\N	\N
211	application	redacoes	findone	f		1	\N	\N
61	email	email	send	f		1	\N	\N
71	upload	upload	findone	f		1	\N	\N
81	users-permissions	auth	callback	f		1	\N	\N
91	users-permissions	auth	resetpassword	f		1	\N	\N
101	users-permissions	user	destroyall	f		1	\N	\N
111	users-permissions	userspermissions	createrole	f		1	\N	\N
121	users-permissions	userspermissions	getpolicies	f		1	\N	\N
131	users-permissions	userspermissions	index	f		1	\N	\N
141	users-permissions	userspermissions	updaterole	f		1	\N	\N
147	application	modalidade-ingresso	delete	f		1	\N	\N
160	application	institutos	delete	f		2	\N	\N
173	application	curso	find	f		1	\N	\N
186	application	nota	find	f		2	\N	\N
199	application	depoimento	findone	f		1	\N	\N
212	application	redacoes	findone	f		2	\N	\N
62	email	email	send	f		2	\N	\N
72	upload	upload	findone	f		2	\N	\N
82	users-permissions	auth	callback	t		2	\N	\N
92	users-permissions	auth	resetpassword	t		2	\N	\N
102	users-permissions	user	destroyall	f		2	\N	\N
112	users-permissions	userspermissions	createrole	f		2	\N	\N
122	users-permissions	userspermissions	getpolicies	f		2	\N	\N
132	users-permissions	userspermissions	index	f		2	\N	\N
142	users-permissions	userspermissions	updaterole	f		2	\N	\N
148	application	modalidade-ingresso	delete	f		2	\N	\N
161	application	institutos	find	f		1	\N	\N
174	application	curso	find	f		2	\N	\N
187	application	nota	findone	f		1	\N	\N
200	application	depoimento	findone	f		2	\N	\N
63	upload	proxy	uploadproxy	f		1	\N	\N
73	upload	upload	getsettings	f		1	\N	\N
83	users-permissions	auth	connect	t		1	\N	\N
93	users-permissions	auth	sendemailconfirmation	f		1	\N	\N
103	users-permissions	user	find	f		1	\N	\N
113	users-permissions	userspermissions	deleterole	f		1	\N	\N
123	users-permissions	userspermissions	getproviders	f		1	\N	\N
133	users-permissions	userspermissions	searchusers	f		1	\N	\N
149	application	modalidade-ingresso	find	f		1	\N	\N
162	application	institutos	find	f		2	\N	\N
175	application	curso	findone	f		1	\N	\N
188	application	nota	findone	f		2	\N	\N
203	application	redacoes	count	f		1	\N	\N
213	application	redacoes	update	f		1	\N	\N
64	upload	proxy	uploadproxy	f		2	\N	\N
74	upload	upload	getsettings	f		2	\N	\N
84	users-permissions	auth	connect	t		2	\N	\N
94	users-permissions	auth	sendemailconfirmation	f		2	\N	\N
104	users-permissions	user	find	f		2	\N	\N
114	users-permissions	userspermissions	deleterole	f		2	\N	\N
124	users-permissions	userspermissions	getproviders	f		2	\N	\N
134	users-permissions	userspermissions	searchusers	f		2	\N	\N
150	application	modalidade-ingresso	find	f		2	\N	\N
163	application	institutos	findone	f		1	\N	\N
176	application	curso	findone	f		2	\N	\N
191	application	depoimento	count	f		1	\N	\N
204	application	redacoes	count	f		2	\N	\N
65	upload	upload	count	f		1	\N	\N
78	upload	upload	updatesettings	f		2	\N	\N
88	users-permissions	auth	forgotpassword	t		2	\N	\N
97	users-permissions	user	create	f		1	\N	\N
107	users-permissions	user	me	t		1	\N	\N
120	users-permissions	userspermissions	getpermissions	f		2	\N	\N
127	users-permissions	userspermissions	getroles	f		1	\N	\N
137	users-permissions	userspermissions	updateemailtemplate	f		1	\N	\N
151	application	modalidade-ingresso	findone	f		1	\N	\N
164	application	institutos	findone	f		2	\N	\N
179	application	nota	count	f		1	\N	\N
189	application	nota	update	f		1	\N	\N
192	application	depoimento	count	f		2	\N	\N
202	application	depoimento	update	f		2	\N	\N
205	application	redacoes	create	f		1	\N	\N
214	application	redacoes	update	f		2	\N	\N
66	upload	upload	count	f		2	\N	\N
75	upload	upload	search	f		1	\N	\N
85	users-permissions	auth	emailconfirmation	f		1	\N	\N
95	users-permissions	user	count	f		1	\N	\N
105	users-permissions	user	findone	f		1	\N	\N
115	users-permissions	userspermissions	getadvancedsettings	f		1	\N	\N
125	users-permissions	userspermissions	getrole	f		1	\N	\N
135	users-permissions	userspermissions	updateadvancedsettings	f		1	\N	\N
152	application	modalidade-ingresso	findone	f		2	\N	\N
167	application	curso	count	f		1	\N	\N
177	application	curso	update	f		1	\N	\N
180	application	nota	count	f		2	\N	\N
193	application	depoimento	create	f		1	\N	\N
206	application	redacoes	create	f		2	\N	\N
68	upload	upload	destroy	f		2	\N	\N
80	upload	upload	upload	f		2	\N	\N
90	users-permissions	auth	register	t		2	\N	\N
100	users-permissions	user	destroy	f		2	\N	\N
110	users-permissions	user	update	f		2	\N	\N
117	users-permissions	userspermissions	getemailtemplate	f		1	\N	\N
128	users-permissions	userspermissions	getroles	f		2	\N	\N
139	users-permissions	userspermissions	updateproviders	f		1	\N	\N
155	application	institutos	count	f		1	\N	\N
165	application	institutos	update	f		1	\N	\N
168	application	curso	count	f		2	\N	\N
178	application	curso	update	f		2	\N	\N
181	application	nota	create	f		1	\N	\N
190	application	nota	update	f		2	\N	\N
194	application	depoimento	create	f		2	\N	\N
201	application	depoimento	update	f		1	\N	\N
207	application	redacoes	delete	f		1	\N	\N
\.


--
-- Data for Name: users-permissions_role; Type: TABLE DATA; Schema: public; Owner: admin
--

COPY public."users-permissions_role" (id, name, description, type, created_by, updated_by) FROM stdin;
1	Authenticated	Default role given to authenticated user.	authenticated	\N	\N
2	Public	Default role given to unauthenticated user.	public	\N	\N
\.


--
-- Data for Name: users-permissions_user; Type: TABLE DATA; Schema: public; Owner: admin
--

COPY public."users-permissions_user" (id, username, email, provider, password, "resetPasswordToken", confirmed, blocked, role, created_by, updated_by, created_at, updated_at) FROM stdin;
\.


--
-- Name: core_store_id_seq; Type: SEQUENCE SET; Schema: public; Owner: admin
--

SELECT pg_catalog.setval('public.core_store_id_seq', 34, true);


--
-- Name: cursos_id_seq; Type: SEQUENCE SET; Schema: public; Owner: admin
--

SELECT pg_catalog.setval('public.cursos_id_seq', 1, false);


--
-- Name: depoimentos_id_seq; Type: SEQUENCE SET; Schema: public; Owner: admin
--

SELECT pg_catalog.setval('public.depoimentos_id_seq', 1, false);


--
-- Name: institutos_id_seq; Type: SEQUENCE SET; Schema: public; Owner: admin
--

SELECT pg_catalog.setval('public.institutos_id_seq', 1, false);


--
-- Name: modalidade_ingressos_id_seq; Type: SEQUENCE SET; Schema: public; Owner: admin
--

SELECT pg_catalog.setval('public.modalidade_ingressos_id_seq', 1, false);


--
-- Name: notas_id_seq; Type: SEQUENCE SET; Schema: public; Owner: admin
--

SELECT pg_catalog.setval('public.notas_id_seq', 1, false);


--
-- Name: redacoes_id_seq; Type: SEQUENCE SET; Schema: public; Owner: admin
--

SELECT pg_catalog.setval('public.redacoes_id_seq', 1, false);


--
-- Name: strapi_administrator_id_seq; Type: SEQUENCE SET; Schema: public; Owner: admin
--

SELECT pg_catalog.setval('public.strapi_administrator_id_seq', 1, true);


--
-- Name: strapi_permission_id_seq; Type: SEQUENCE SET; Schema: public; Owner: admin
--

SELECT pg_catalog.setval('public.strapi_permission_id_seq', 85, true);


--
-- Name: strapi_role_id_seq; Type: SEQUENCE SET; Schema: public; Owner: admin
--

SELECT pg_catalog.setval('public.strapi_role_id_seq', 3, true);


--
-- Name: strapi_users_roles_id_seq; Type: SEQUENCE SET; Schema: public; Owner: admin
--

SELECT pg_catalog.setval('public.strapi_users_roles_id_seq', 1, true);


--
-- Name: strapi_webhooks_id_seq; Type: SEQUENCE SET; Schema: public; Owner: admin
--

SELECT pg_catalog.setval('public.strapi_webhooks_id_seq', 1, false);


--
-- Name: upload_file_id_seq; Type: SEQUENCE SET; Schema: public; Owner: admin
--

SELECT pg_catalog.setval('public.upload_file_id_seq', 1, false);


--
-- Name: upload_file_morph_id_seq; Type: SEQUENCE SET; Schema: public; Owner: admin
--

SELECT pg_catalog.setval('public.upload_file_morph_id_seq', 1, false);


--
-- Name: users-permissions_permission_id_seq; Type: SEQUENCE SET; Schema: public; Owner: admin
--

SELECT pg_catalog.setval('public."users-permissions_permission_id_seq"', 214, true);


--
-- Name: users-permissions_role_id_seq; Type: SEQUENCE SET; Schema: public; Owner: admin
--

SELECT pg_catalog.setval('public."users-permissions_role_id_seq"', 2, true);


--
-- Name: users-permissions_user_id_seq; Type: SEQUENCE SET; Schema: public; Owner: admin
--

SELECT pg_catalog.setval('public."users-permissions_user_id_seq"', 1, false);


--
-- Name: core_store core_store_pkey; Type: CONSTRAINT; Schema: public; Owner: admin
--

ALTER TABLE ONLY public.core_store
    ADD CONSTRAINT core_store_pkey PRIMARY KEY (id);


--
-- Name: cursos cursos_Nome_unique; Type: CONSTRAINT; Schema: public; Owner: admin
--

ALTER TABLE ONLY public.cursos
    ADD CONSTRAINT "cursos_Nome_unique" UNIQUE ("Nome");


--
-- Name: cursos cursos_pkey; Type: CONSTRAINT; Schema: public; Owner: admin
--

ALTER TABLE ONLY public.cursos
    ADD CONSTRAINT cursos_pkey PRIMARY KEY (id);


--
-- Name: depoimentos depoimentos_pkey; Type: CONSTRAINT; Schema: public; Owner: admin
--

ALTER TABLE ONLY public.depoimentos
    ADD CONSTRAINT depoimentos_pkey PRIMARY KEY (id);


--
-- Name: institutos institutos_Nome_unique; Type: CONSTRAINT; Schema: public; Owner: admin
--

ALTER TABLE ONLY public.institutos
    ADD CONSTRAINT "institutos_Nome_unique" UNIQUE ("Nome");


--
-- Name: institutos institutos_pkey; Type: CONSTRAINT; Schema: public; Owner: admin
--

ALTER TABLE ONLY public.institutos
    ADD CONSTRAINT institutos_pkey PRIMARY KEY (id);


--
-- Name: modalidade_ingressos modalidade_ingressos_Nome_unique; Type: CONSTRAINT; Schema: public; Owner: admin
--

ALTER TABLE ONLY public.modalidade_ingressos
    ADD CONSTRAINT "modalidade_ingressos_Nome_unique" UNIQUE ("Nome");


--
-- Name: modalidade_ingressos modalidade_ingressos_pkey; Type: CONSTRAINT; Schema: public; Owner: admin
--

ALTER TABLE ONLY public.modalidade_ingressos
    ADD CONSTRAINT modalidade_ingressos_pkey PRIMARY KEY (id);


--
-- Name: notas notas_pkey; Type: CONSTRAINT; Schema: public; Owner: admin
--

ALTER TABLE ONLY public.notas
    ADD CONSTRAINT notas_pkey PRIMARY KEY (id);


--
-- Name: redacoes redacoes_pkey; Type: CONSTRAINT; Schema: public; Owner: admin
--

ALTER TABLE ONLY public.redacoes
    ADD CONSTRAINT redacoes_pkey PRIMARY KEY (id);


--
-- Name: strapi_administrator strapi_administrator_email_unique; Type: CONSTRAINT; Schema: public; Owner: admin
--

ALTER TABLE ONLY public.strapi_administrator
    ADD CONSTRAINT strapi_administrator_email_unique UNIQUE (email);


--
-- Name: strapi_administrator strapi_administrator_pkey; Type: CONSTRAINT; Schema: public; Owner: admin
--

ALTER TABLE ONLY public.strapi_administrator
    ADD CONSTRAINT strapi_administrator_pkey PRIMARY KEY (id);


--
-- Name: strapi_permission strapi_permission_pkey; Type: CONSTRAINT; Schema: public; Owner: admin
--

ALTER TABLE ONLY public.strapi_permission
    ADD CONSTRAINT strapi_permission_pkey PRIMARY KEY (id);


--
-- Name: strapi_role strapi_role_code_unique; Type: CONSTRAINT; Schema: public; Owner: admin
--

ALTER TABLE ONLY public.strapi_role
    ADD CONSTRAINT strapi_role_code_unique UNIQUE (code);


--
-- Name: strapi_role strapi_role_name_unique; Type: CONSTRAINT; Schema: public; Owner: admin
--

ALTER TABLE ONLY public.strapi_role
    ADD CONSTRAINT strapi_role_name_unique UNIQUE (name);


--
-- Name: strapi_role strapi_role_pkey; Type: CONSTRAINT; Schema: public; Owner: admin
--

ALTER TABLE ONLY public.strapi_role
    ADD CONSTRAINT strapi_role_pkey PRIMARY KEY (id);


--
-- Name: strapi_users_roles strapi_users_roles_pkey; Type: CONSTRAINT; Schema: public; Owner: admin
--

ALTER TABLE ONLY public.strapi_users_roles
    ADD CONSTRAINT strapi_users_roles_pkey PRIMARY KEY (id);


--
-- Name: strapi_webhooks strapi_webhooks_pkey; Type: CONSTRAINT; Schema: public; Owner: admin
--

ALTER TABLE ONLY public.strapi_webhooks
    ADD CONSTRAINT strapi_webhooks_pkey PRIMARY KEY (id);


--
-- Name: upload_file_morph upload_file_morph_pkey; Type: CONSTRAINT; Schema: public; Owner: admin
--

ALTER TABLE ONLY public.upload_file_morph
    ADD CONSTRAINT upload_file_morph_pkey PRIMARY KEY (id);


--
-- Name: upload_file upload_file_pkey; Type: CONSTRAINT; Schema: public; Owner: admin
--

ALTER TABLE ONLY public.upload_file
    ADD CONSTRAINT upload_file_pkey PRIMARY KEY (id);


--
-- Name: users-permissions_permission users-permissions_permission_pkey; Type: CONSTRAINT; Schema: public; Owner: admin
--

ALTER TABLE ONLY public."users-permissions_permission"
    ADD CONSTRAINT "users-permissions_permission_pkey" PRIMARY KEY (id);


--
-- Name: users-permissions_role users-permissions_role_pkey; Type: CONSTRAINT; Schema: public; Owner: admin
--

ALTER TABLE ONLY public."users-permissions_role"
    ADD CONSTRAINT "users-permissions_role_pkey" PRIMARY KEY (id);


--
-- Name: users-permissions_role users-permissions_role_type_unique; Type: CONSTRAINT; Schema: public; Owner: admin
--

ALTER TABLE ONLY public."users-permissions_role"
    ADD CONSTRAINT "users-permissions_role_type_unique" UNIQUE (type);


--
-- Name: users-permissions_user users-permissions_user_pkey; Type: CONSTRAINT; Schema: public; Owner: admin
--

ALTER TABLE ONLY public."users-permissions_user"
    ADD CONSTRAINT "users-permissions_user_pkey" PRIMARY KEY (id);


--
-- Name: users-permissions_user users-permissions_user_username_unique; Type: CONSTRAINT; Schema: public; Owner: admin
--

ALTER TABLE ONLY public."users-permissions_user"
    ADD CONSTRAINT "users-permissions_user_username_unique" UNIQUE (username);


--
-- PostgreSQL database dump complete
--

